Cell_ID,Pearson_Correlation,mean_intensity_KRAS,mean_intensity_BRAF,sum_intensity_KRAS,sum_intensity_BRAF,Area_Pixels,Area,KRAS_type,BRAF_type,image_no,BRAF_75th,KRAS_75th
3,0.8775801562914127,1954.4677160143697,1905.5349688031763,206743595,201567489,105780,131.73673009800004,KRASG12D,BRAF_AAAA,15,1174.2835885221975,1363.2387358272522
7,0.9561424863791664,1544.3124862955292,1781.1197953465708,253545224,292424248,164180,204.46716153800003,KRASG12D,BRAF_AAAA,15,1174.2835885221975,1363.2387358272522
5,0.9036432023693696,4320.0313875185475,3010.2379300724133,681294870,474732583,157706,196.40454487460005,KRASG12D,BRAF_AAAA,16,1174.2835885221975,1363.2387358272522
18,0.9000667628483052,3921.291610828196,2735.548480115343,424279831,295983610,108199,134.74931423590002,KRASG12D,BRAF_AAAA,16,1174.2835885221975,1363.2387358272522
19,0.9431012724773286,2340.653654847063,1655.511524754506,365170058,258279664,156012,194.29486420920003,KRASG12D,BRAF_AAAA,16,1174.2835885221975,1363.2387358272522
21,0.8627132735396654,2914.2381349244397,1612.8370640253122,395132806,218679739,135587,168.85789396670003,KRASG12D,BRAF_AAAA,16,1174.2835885221975,1363.2387358272522
28,0.8535602066305169,1942.3867178359153,1720.643176393504,166011908,147059931,85468,106.44048825880002,KRASG12D,BRAF_AAAA,16,1174.2835885221975,1363.2387358272522
9,0.8238367551345896,1672.6115040409684,1766.1519846201322,401082203,423512649,239794,298.63563487540006,KRASG12D,BRAF_AAAA,17,1174.2835885221975,1363.2387358272522
15,0.8753181373417049,1862.0624651422197,1476.5330144535717,196982002,156197998,105787,131.74544778670003,KRASG12D,BRAF_AAAA,17,1174.2835885221975,1363.2387358272522
18,0.822117990658442,2919.641310998122,2553.7770944534695,276776157,242092961,94798,118.05992191180002,KRASG12D,BRAF_AAAA,17,1174.2835885221975,1363.2387358272522
23,0.916725838827275,2346.518568949992,1861.044522653899,427376120,338955761,182132,226.82429690120009,KRASG12D,BRAF_AAAA,17,1174.2835885221975,1363.2387358272522
11,0.9479931794460558,3739.801226067603,2676.3713084562223,287332668,205628284,76831,95.68410578710002,KRASG12D,BRAF_AAAA,18,1174.2835885221975,1363.2387358272522
8,0.9147717657179036,3526.5222867853795,1526.2525960637302,188139964,81425576,53350,66.44124173500002,KRASG12D,BRAF_AAAA,19,1174.2835885221975,1363.2387358272522
9,0.8874100183487235,1385.6939939077874,1357.224933416264,173774341,170204150,125406,156.17863844460004,KRASG12D,BRAF_AAAA,19,1174.2835885221975,1363.2387358272522
11,0.9411946886566576,2881.337319634424,1856.534964516101,330083122,212682789,114559,142.66995711190003,KRASG12D,BRAF_AAAA,19,1174.2835885221975,1363.2387358272522
18,0.914113571570494,3918.055910867772,1993.1175718162365,327749295,166726278,83651,104.17762534910004,KRASG12D,BRAF_AAAA,19,1174.2835885221975,1363.2387358272522
20,0.7531837606224825,1539.4836395098191,1464.752187241279,206403190,196383720,134073,166.97238243930002,KRASG12D,BRAF_AAAA,19,1174.2835885221975,1363.2387358272522
21,0.8725905257493151,1992.567549399063,1264.9771847626807,97815141,62097730,49090,61.135905469000015,KRASG12D,BRAF_AAAA,19,1174.2835885221975,1363.2387358272522
28,0.8337034905293723,2491.935729638637,2922.0191832245173,246943355,289563335,99097,123.41382815770002,KRASG12D,BRAF_AAAA,19,1174.2835885221975,1363.2387358272522
10,0.8172177722384008,1748.0569869056078,1831.295532772892,378863383,396904006,216734,269.91707752940005,KRASG12D,BRAF_AAAA,20,1174.2835885221975,1363.2387358272522
18,0.8844900626860458,1530.966262006856,1999.6840146175343,270635030,353492142,176774,220.15152889340004,KRASG12D,BRAF_AAAA,20,1174.2835885221975,1363.2387358272522
3,0.8831541358426733,3276.8682397283133,1989.8269566753695,333853890,202727550,101882,126.88222287620002,KRASG12D,BRAF_AAAA,22,1174.2835885221975,1363.2387358272522
4,0.9006656815351051,2025.4626251342645,1892.207776584318,235713213,220205680,116375,144.93157463750003,KRASG12D,BRAF_AAAA,22,1174.2835885221975,1363.2387358272522
8,0.923615652734404,2237.120409138396,2017.9753318378023,276237391,249177576,123479,153.77878328390003,KRASG12D,BRAF_AAAA,22,1174.2835885221975,1363.2387358272522
2,0.9284665635732184,2093.738668431193,1408.0271295953914,107582574,72348658,51383,63.99157121030001,KRASG12D,BRAF_AAAA,23,1174.2835885221975,1363.2387358272522
11,0.6803614244223732,2777.447970365797,1560.4168235838863,269926281,151649109,97185,121.03265375850002,KRASG12D,BRAF_AAAA,23,1174.2835885221975,1363.2387358272522
12,0.9088304375000232,2442.6885678205317,1786.8318414797209,263067788,192434642,107696,134.12288603360005,KRASG12D,BRAF_AAAA,23,1174.2835885221975,1363.2387358272522
2,0.9511168877094904,4190.996355671003,2504.9695853606527,216200929,129223866,51587,64.24562956670002,KRASG12D,BRAF_AAAA,24,1174.2835885221975,1363.2387358272522
17,0.9431247594600024,1967.999975699254,1578.4293941824014,161970334,129907896,82302,102.4976021982,KRASG12D,BRAF_AAAA,24,1174.2835885221975,1363.2387358272522
21,0.9369895067155964,1863.847836795888,1701.844838295138,174046111,158918271,93380,116.29396725800002,KRASG12D,BRAF_AAAA,24,1174.2835885221975,1363.2387358272522
23,0.9078321811150668,1408.3738019501443,1219.9632008981475,135482743,117358020,96198,119.80345965180004,KRASG12D,BRAF_AAAA,24,1174.2835885221975,1363.2387358272522
27,0.9215444757907982,2341.6953232018823,1673.608298012925,290609073,207698137,124102,154.55465757820002,KRASG12D,BRAF_AAAA,24,1174.2835885221975,1363.2387358272522
30,0.9329617297595096,2479.9758299433543,2107.4434517490595,292014674,248149359,117749,146.64273239090002,KRASG12D,BRAF_AAAA,24,1174.2835885221975,1363.2387358272522
31,0.8834575347816515,2380.5050897284013,1823.55145671537,217016366,166242245,91164,113.53419609240002,KRASG12D,BRAF_AAAA,24,1174.2835885221975,1363.2387358272522
32,0.8096619376238432,1368.7584167988894,1421.8494025188418,110420479,114703435,80672,100.46762611520002,KRASG12D,BRAF_AAAA,24,1174.2835885221975,1363.2387358272522
35,0.8794950037077112,1892.6765714985909,1672.1528305354736,370707204,327514542,195864,243.9259113624001,KRASG12D,BRAF_AAAA,24,1174.2835885221975,1363.2387358272522
37,0.9756798313951012,2862.785028307457,2918.980176096697,329689775,336161433,115164,143.4234144924,KRASG12D,BRAF_AAAA,24,1174.2835885221975,1363.2387358272522
6,0.8679090250381929,1950.840458163673,1648.9157495112704,361244931,305336325,185174,230.61275533340003,KRASG12D,BRAF_AAAA,25,1174.2835885221975,1363.2387358272522
19,0.9514968741158792,3368.2815471378526,2372.8591927474304,349991399,246559053,103908,129.4053710628,KRASG12D,BRAF_AAAA,25,1174.2835885221975,1363.2387358272522
26,0.9638493264256168,3069.8327183145047,2064.4945266760124,297822891,200289001,97016,120.82218384560002,KRASG12D,BRAF_AAAA,25,1174.2835885221975,1363.2387358272522
19,0.9331957318216028,3514.5636565054624,2730.306020322408,460021237,357369755,130890,163.00832484900002,KRASG12D,BRAF_AAAA,26,1174.2835885221975,1363.2387358272522
23,0.8630245871745513,2288.336119076881,1608.387068141472,335149708,235564370,146460,182.39895528600005,KRASG12D,BRAF_AAAA,26,1174.2835885221975,1363.2387358272522
13,-0.3104794234853507,1049.021091528596,1364.5959496586725,87436957,113740437,83351,103.8040101191,KRASG12D,BRAF_R188L,27,791.7674300936054,909.6861573829804
15,-0.15441476065297854,2467.7443113698446,3689.789869850569,199657789,298529829,80907,100.76029137870002,KRASG12D,BRAF_R188L,27,791.7674300936054,909.6861573829804
18,-0.14309359330621457,1025.8496824142233,963.5413147194104,107725501,101182437,105011,130.77902972510003,KRASG12D,BRAF_R188L,27,791.7674300936054,909.6861573829804
19,-0.5441783140712274,1208.0713530890564,3246.1668390842956,217206397,583647813,179796,223.91507964360005,KRASG12D,BRAF_R188L,27,791.7674300936054,909.6861573829804
20,-0.4611048461678814,1157.1095464250438,3456.386393342757,195642925,584402355,169079,210.56829824390005,KRASG12D,BRAF_R188L,27,791.7674300936054,909.6861573829804
25,-0.347509903830948,2022.9619538204329,1719.0844516741222,358161368,304360464,177048,220.49276413680005,KRASG12D,BRAF_R188L,27,791.7674300936054,909.6861573829804
3,-0.35984645525820136,1064.1009480626549,1725.315269108468,180705623,292993039,169820,211.49112786200004,KRASG12D,BRAF_R188L,28,791.7674300936054,909.6861573829804
6,0.09393547919382098,1435.587012215906,1828.8083389226692,130562332,166324632,90947,113.26394774270004,KRASG12D,BRAF_R188L,28,791.7674300936054,909.6861573829804
20,-0.26169354950886725,1023.98508031372,1914.74541492568,239186531,447253893,233584,290.90179961440003,KRASG12D,BRAF_R188L,28,791.7674300936054,909.6861573829804
26,-0.0460481298659697,1311.3313808439093,2607.4116860107747,108802476,216339555,82971,103.33076416110002,KRASG12D,BRAF_R188L,28,791.7674300936054,909.6861573829804
2,-0.40334513804083494,1246.238893826128,1384.8691829159914,119196519,132455813,95645,119.11476224450004,KRASG12D,BRAF_R188L,29,791.7674300936054,909.6861573829804
4,-0.4073395651663071,1305.3851685179231,1000.2417526816434,219296876,168034613,167994,209.21705649540004,KRASG12D,BRAF_R188L,29,791.7674300936054,909.6861573829804
15,0.507277492201802,2493.000591876078,909.0417864511112,147421097,53755277,59134,73.64454336940001,KRASG12D,BRAF_R188L,29,791.7674300936054,909.6861573829804
7,-0.4104447512060844,1413.1201644008852,1765.3927916534935,111742477,139598435,79075,98.47874770750002,KRASG12D,BRAF_R188L,30,791.7674300936054,909.6861573829804
11,-0.4978965933254776,1149.2044844137167,1574.142249022428,198965220,272535970,173133,215.61708538530004,KRASG12D,BRAF_R188L,30,791.7674300936054,909.6861573829804
29,-0.3958229146045101,1133.2999564552326,1394.2815559996873,101501744,124876039,89563,111.54033614830004,KRASG12D,BRAF_R188L,30,791.7674300936054,909.6861573829804
7,-0.1902292936921892,1130.6426146010187,964.857928047968,210439726,179583217,186124,231.79587022840005,KRASG12D,BRAF_R188L,31,791.7674300936054,909.6861573829804
9,-0.1927828391066996,1751.614346809774,1054.5815313385494,233047034,140308909,133047,165.69461835270002,KRASG12D,BRAF_R188L,31,791.7674300936054,909.6861573829804
20,-0.09044627267110616,1485.3089539136795,939.032055596196,101520867,64182841,68350,85.12200323500002,KRASG12D,BRAF_R188L,31,791.7674300936054,909.6861573829804
29,-0.39717588048114577,1532.3854446100347,1581.0417039244908,123387676,127305478,80520,100.27832773200002,KRASG12D,BRAF_R188L,31,791.7674300936054,909.6861573829804
2,-0.4103788240708776,2024.7419037423904,1272.289713562786,187250156,117662625,92481,115.17436695210002,KRASG12D,BRAF_R188L,32,791.7674300936054,909.6861573829804
15,-0.3211455237990047,1209.6056860001036,828.3467060591925,186695380,127850344,154344,192.21756353040004,KRASG12D,BRAF_R188L,32,791.7674300936054,909.6861573829804
16,-0.23203600347331896,937.9433013536072,896.5366660632756,93267206,89149813,99438,123.83850413580002,KRASG12D,BRAF_R188L,32,791.7674300936054,909.6861573829804
26,-0.25799375254799783,2249.650756099824,1111.013765191576,193991884,95804939,86232,107.39196171120004,KRASG12D,BRAF_R188L,32,791.7674300936054,909.6861573829804
29,-0.4648486068435073,1013.4030132683948,1543.4193882427912,89055830,135632609,87878,109.44186393980002,KRASG12D,BRAF_R188L,32,791.7674300936054,909.6861573829804
44,-0.28656771811247084,940.7252969108908,1446.2174943089933,91328434,140403133,97083,120.90562458030004,KRASG12D,BRAF_R188L,32,791.7674300936054,909.6861573829804
17,-0.5038423437504796,1410.1108843036109,2439.3202210759027,191352047,331015754,135700,168.99862237000002,KRASG12D,BRAF_R188L,33,791.7674300936054,909.6861573829804
26,-0.20910127080158697,2389.0091409911097,1994.7162435797716,371641429,310304043,155563,193.73568674830005,KRASG12D,BRAF_R188L,33,791.7674300936054,909.6861573829804
1,-0.3530834072680698,1017.9633197480548,1347.2272782189862,252768436,334527311,248308,309.23883510280007,KRASG12D,BRAF_R188L,34,791.7674300936054,909.6861573829804
11,-0.08646383480631323,1147.7993358257877,870.4227591323954,159336356,120831217,138819,172.88297537790004,KRASG12D,BRAF_R188L,34,791.7674300936054,909.6861573829804
12,-0.4230288322479741,996.5231054762824,1916.2251060547628,206718753,397501736,207440,258.34247770400003,KRASG12D,BRAF_R188L,34,791.7674300936054,909.6861573829804
16,-0.14656601207518954,1451.4415605313338,1701.0690315469342,180401123,211427571,124291,154.79003517310002,KRASG12D,BRAF_R188L,34,791.7674300936054,909.6861573829804
25,-0.3071610844982222,1457.6202008823805,4106.102525110297,77640140,218711551,53265,66.33538408650001,KRASG12D,BRAF_R188L,34,791.7674300936054,909.6861573829804
27,0.3859817280719991,1425.2738366296114,791.7674300936054,95774126,53204396,67197,83.68607536770001,KRASG12D,BRAF_R188L,34,791.7674300936054,909.6861573829804
12,-0.4241069209322838,3207.516122563568,2466.272347569011,559833449,430458243,174538,217.36685004580005,KRASG12D,BRAF_R188L,35,791.7674300936054,909.6861573829804
13,-0.3934626197451818,1419.8311390418446,1595.9329975385483,211695403,237952014,149099,185.68552392590004,KRASG12D,BRAF_R188L,35,791.7674300936054,909.6861573829804
15,-0.380067561062548,1586.7015760755016,1596.740550572586,271014976,272729673,170804,212.71658581640003,KRASG12D,BRAF_R188L,35,791.7674300936054,909.6861573829804
17,-0.3424610415894182,909.6861573829804,1513.7832278083465,144825675,241000345,159204,198.27013025640005,KRASG12D,BRAF_R188L,35,791.7674300936054,909.6861573829804
19,-0.46066747868229807,1278.6615935902082,1657.365342030036,190548708,246983898,149022,185.58962935020003,KRASG12D,BRAF_R188L,35,791.7674300936054,909.6861573829804
23,-0.27201148337954645,2925.302176660383,2906.556499269269,414336875,411681756,141639,176.39495853990005,KRASG12D,BRAF_R188L,35,791.7674300936054,909.6861573829804
25,-0.4622271107750276,1580.390859403586,2372.187237010611,138214663,207462007,87456,108.91631184960002,KRASG12D,BRAF_R188L,35,791.7674300936054,909.6861573829804
28,-0.47204778830583327,1719.682408236347,1526.2898388540734,315025181,279597983,183188,228.13942251080005,KRASG12D,BRAF_R188L,35,791.7674300936054,909.6861573829804
12,-0.4905765505614066,1134.9282293943315,1972.8530071225975,160457288,278923931,141381,176.07364944210002,KRASG12D,BRAF_R188L,36,791.7674300936054,909.6861573829804
15,-0.2378789142010299,1187.6520610943464,1470.7554893976867,205049316,253927406,172651,215.01681024910005,KRASG12D,BRAF_R188L,36,791.7674300936054,909.6861573829804
19,-0.4702456321979261,1336.0666301717183,1685.4203123199263,231861003,292487841,173540,216.12395671400003,KRASG12D,BRAF_R188L,36,791.7674300936054,909.6861573829804
21,-0.4377318862519125,2320.314119481766,2672.8864477652864,270789939,311936540,116704,145.34130600640003,KRASG12D,BRAF_R188L,36,791.7674300936054,909.6861573829804
31,-0.07613019059152949,1339.801459878178,1392.567167637712,80945445,84133338,60416,75.24112578560002,KRASG12D,BRAF_R188L,36,791.7674300936054,909.6861573829804
32,-0.24098736730517775,983.9197449840616,1565.458852897056,83955904,133577473,85328,106.26613448480002,KRASG12D,BRAF_R188L,36,791.7674300936054,909.6861573829804
1,-0.5632676530070274,1719.790674871037,1949.5962142420667,121019950,137191136,70369,87.63643373290002,KRASG12D,BRAF_R188L,37,791.7674300936054,909.6861573829804
14,-0.1752126554194409,1137.022548724853,1420.0280192415785,173966724,217267127,153002,190.54625806820005,KRASG12D,BRAF_R188L,37,791.7674300936054,909.6861573829804
17,-0.4450328393723834,1541.3684433164128,2591.282177100959,218627700,367547464,141840,176.64528074400005,KRASG12D,BRAF_R188L,37,791.7674300936054,909.6861573829804
27,-0.21977183443025053,1991.143268786415,3444.897126650296,219740580,380175402,110359,137.43934389190002,KRASG12D,BRAF_R188L,37,791.7674300936054,909.6861573829804
30,0.01023173475858558,1144.0496403365908,984.6781860749186,134869724,116081742,117888,146.81584078080002,KRASG12D,BRAF_R188L,37,791.7674300936054,909.6861573829804
41,-0.01286653698694689,918.7968966800906,844.9083302311415,108598118,99864785,118196,147.19941908360002,KRASG12D,BRAF_R188L,37,791.7674300936054,909.6861573829804
14,-0.3480634292174657,1076.231907371559,1116.6003489925567,118418873,122860653,110031,137.03085790710003,KRASG12D,BRAF_R188L,38,791.7674300936054,909.6861573829804
15,-0.2802977702724796,1286.1820530162129,1094.047502301377,136924369,116470109,106458,132.58110051780002,KRASG12D,BRAF_R188L,38,791.7674300936054,909.6861573829804
23,-0.15707109770938846,1012.4998709899372,1000.049837579639,153040368,151158533,151151,188.24105209910005,KRASG12D,BRAF_R188L,39,791.7674300936054,909.6861573829804
29,-0.3688592535422325,2122.618646767632,2493.858954565505,173231153,203528817,81612,101.63828716920004,KRASG12D,BRAF_R188L,39,791.7674300936054,909.6861573829804
38,0.2617312979033121,1832.8995318233583,1095.5958654941162,115883240,69267953,63224,78.73816433840001,KRASG12D,BRAF_R188L,39,791.7674300936054,909.6861573829804
44,-0.3046755630056677,1647.1117102869305,1628.169613660416,277034307,273848360,168194,209.46613331540004,KRASG12D,BRAF_R188L,39,791.7674300936054,909.6861573829804
18,-0.4992454263837772,1601.5329574566376,2476.2532233001552,152536405,235848262,95244,118.61536322040004,KRASG12D,BRAF_R188L,40,791.7674300936054,909.6861573829804
3,-0.36001687182464565,1275.9870550778792,1239.7701942691554,66929349,65029666,52453,65.32413219730002,KRASG12D,BRAF_R188L,41,791.7674300936054,909.6861573829804
11,-0.40339325503433143,1133.467669910853,2517.6018647256074,138589092,307827180,122270,152.27311390700004,KRASG12D,BRAF_R188L,41,791.7674300936054,909.6861573829804
13,-0.02643961859296695,1163.2848099339562,1175.656115896156,76444098,77257066,65714,81.83917074740002,KRASG12D,BRAF_R188L,41,791.7674300936054,909.6861573829804
22,-0.5522526327035227,1016.7407637379696,2292.599076373797,78598128,177227079,77304,96.2731724664,KRASG12D,BRAF_R188L,41,791.7674300936054,909.6861573829804
27,-0.1881441395205281,1030.9643677469785,1240.9994949191268,85729842,103195313,83155,103.55991483550002,KRASG12D,BRAF_R188L,41,791.7674300936054,909.6861573829804
29,-0.2345371083894412,1071.3154085897104,1266.630132458149,90746843,107291172,84706,105.49150557460004,KRASG12D,BRAF_R188L,41,791.7674300936054,909.6861573829804
31,-0.5045345202321361,1059.819202774184,2347.673804557337,120415598,266740350,113619,141.49929605790004,KRASG12D,BRAF_R188L,41,791.7674300936054,909.6861573829804
32,-0.4534841110307828,954.2481478979486,1601.6854353847193,84754412,142258497,88818,110.61252499380002,KRASG12D,BRAF_R188L,41,791.7674300936054,909.6861573829804
35,-0.46541238650663586,1767.408157331838,1784.056881191203,170212010,171815382,96306,119.93796113460002,KRASG12D,BRAF_R188L,41,791.7674300936054,909.6861573829804
32,0.7476351730631484,436.9806569895548,408.04778564580425,51959622,48519330,118906,148.08364179460003,KRASG12D,BRAF_WT,6,184.8062967557776,208.1870834355354
37,0.6944251503152451,270.21044645694315,311.93470765808706,34014091,39266341,125880,156.76895050800002,KRASG12D,BRAF_WT,6,184.8062967557776,208.1870834355354
4,0.8958355858509377,1254.299895168845,1493.8638142927243,224941126,267903561,179336,223.34220295760005,KRASG12D,BRAF_WT,7,184.8062967557776,208.1870834355354
11,0.8027355897725774,941.8193827332684,355.06664807029426,94537946,35640880,100378,125.00916518980004,KRASG12D,BRAF_WT,7,184.8062967557776,208.1870834355354
12,0.7889617631739574,1153.756879385939,794.318937853373,98153559,67575095,85073,105.94856153930002,KRASG12D,BRAF_WT,7,184.8062967557776,208.1870834355354
17,0.8822123551749165,1332.2395691502986,1451.464525000337,98824199,107668187,74179,92.38134715390002,KRASG12D,BRAF_WT,7,184.8062967557776,208.1870834355354
18,0.5617023284311188,303.6832397754611,247.07383052659716,22721580,18486064,74820,93.17963836200002,KRASG12D,BRAF_WT,7,184.8062967557776,208.1870834355354
24,0.8296426579587841,2466.532565945616,1415.528395605886,145495823,83499189,58988,73.46271729080001,KRASG12D,BRAF_WT,7,184.8062967557776,208.1870834355354
1,0.8611638188320305,2263.500162079558,1819.1075127734127,146636331,117847242,64783,80.67971815030002,KRASG12D,BRAF_WT,8,184.8062967557776,208.1870834355354
3,0.7640785312636739,1085.907069015725,1144.387594641817,59664078,62877232,54944,68.42638399040001,KRASG12D,BRAF_WT,8,184.8062967557776,208.1870834355354
6,0.903597706347329,1255.379812402689,940.0809554551324,165289583,123775759,131665,163.97349752650004,KRASG12D,BRAF_WT,8,184.8062967557776,208.1870834355354
10,0.9623852314654856,3804.8561056518743,3350.8125013039576,364741116,321215588,95862,119.38501059420004,KRASG12D,BRAF_WT,8,184.8062967557776,208.1870834355354
13,0.7563822251138393,1244.258433768092,864.5928188383199,203484780,141394645,163539,203.66887032990005,KRASG12D,BRAF_WT,8,184.8062967557776,208.1870834355354
14,0.5202310433269598,305.5951557093426,219.63473252484607,27643221,19867499,90457,112.65370953370002,KRASG12D,BRAF_WT,8,184.8062967557776,208.1870834355354
16,0.8302498666464386,999.4426727343556,782.2864946701137,112885051,88357695,112948,140.6636433268,KRASG12D,BRAF_WT,8,184.8062967557776,208.1870834355354
17,0.5255512906664668,295.02091373086023,382.8074754139176,47398060,61501849,160660,200.08340950600004,KRASG12D,BRAF_WT,8,184.8062967557776,208.1870834355354
21,0.8883951827729093,1769.084016982509,1164.9787165822702,320013146,210735330,180892,225.28002061720005,KRASG12D,BRAF_WT,8,184.8062967557776,208.1870834355354
26,0.8803131301942512,282.95561808904404,199.24522728068845,24233168,17063959,85643,106.65843047630004,KRASG12D,BRAF_WT,8,184.8062967557776,208.1870834355354
27,0.8314016910853342,547.9716660079919,605.3011570719711,49915835,55138093,91092,113.44452843720002,KRASG12D,BRAF_WT,8,184.8062967557776,208.1870834355354
29,0.5501723000530927,2534.923042346968,1884.1652854890888,400408839,297617096,157957,196.71713628370003,KRASG12D,BRAF_WT,8,184.8062967557776,208.1870834355354
31,0.8631062576497939,1766.7867351296593,1334.3792147943627,177892456,134354640,100687,125.39398887670002,KRASG12D,BRAF_WT,8,184.8062967557776,208.1870834355354
10,0.912115165124679,2013.750151334495,1135.0094469412088,219559179,123750080,109030,135.78422842300003,KRASG12D,BRAF_WT,9,184.8062967557776,208.1870834355354
1,0.9449280117957308,4702.298142102689,4497.931354637755,471015098,450544290,100167,124.74638914470002,KRASG12D,BRAF_WT,10,184.8062967557776,208.1870834355354
2,0.8642979408540713,1723.8366924091165,1028.498854147046,109822188,65523605,63708,79.34093024280001,KRASG12D,BRAF_WT,10,184.8062967557776,208.1870834355354
6,0.9810049789824988,704.6929118595151,525.0137771108989,98155971,73128644,139289,173.46830590490003,KRASG12D,BRAF_WT,10,184.8062967557776,208.1870834355354
8,0.8467981001704649,2752.9410859102254,1475.7559617762088,354058506,189798450,128611,160.17009448510004,KRASG12D,BRAF_WT,10,184.8062967557776,208.1870834355354
9,0.9167729061543942,435.0212404114883,358.1924837961586,36578761,30118615,84085,104.71812204850002,KRASG12D,BRAF_WT,10,184.8062967557776,208.1870834355354
13,0.9180135934857412,278.63513566087505,192.97451738653427,35809909,24800892,128519,160.05551914790004,KRASG12D,BRAF_WT,10,184.8062967557776,208.1870834355354
15,0.8162968425012982,2895.3011294280905,2159.4415434232337,225332601,168062857,77827,96.92450835070002,KRASG12D,BRAF_WT,10,184.8062967557776,208.1870834355354
16,0.933383943478536,337.09927122940434,318.22222750316854,21277706,20086187,63120,78.60864439200002,KRASG12D,BRAF_WT,10,184.8062967557776,208.1870834355354
18,0.876465265335717,544.2388007130739,258.8004399206418,75712325,36003282,139116,173.25285445560004,KRASG12D,BRAF_WT,10,184.8062967557776,208.1870834355354
19,0.933972442410108,301.8317787957393,264.4070312931177,43751120,38326328,144952,180.52091606320005,KRASG12D,BRAF_WT,10,184.8062967557776,208.1870834355354
22,0.6488839983818346,468.27609762287454,693.2051081408792,66425901,98332531,141852,176.66022535320005,KRASG12D,BRAF_WT,10,184.8062967557776,208.1870834355354
12,0.7172148041353845,299.90786398730404,487.5555414191872,89575881,145622114,298678,371.9688322198001,KRASG12D,BRAF_WT,11,184.8062967557776,208.1870834355354
14,0.8551061893332869,551.6210125552197,871.6918914205999,94900879,149965873,172040,214.25588056400005,KRASG12D,BRAF_WT,11,184.8062967557776,208.1870834355354
17,0.9276032134682656,753.8141640602413,977.3531158829868,57360735,74370708,76094,94.76625770540002,KRASG12D,BRAF_WT,11,184.8062967557776,208.1870834355354
22,0.9167938516528082,730.7912823184014,1058.4946491144997,154328503,223532900,211180,263.00021423800007,KRASG12D,BRAF_WT,11,184.8062967557776,208.1870834355354
25,0.9152014564708492,780.8070589860478,999.9160795690012,113045246,144767850,144780,180.30670999800003,KRASG12D,BRAF_WT,11,184.8062967557776,208.1870834355354
6,0.900296049842405,761.8819629103245,1118.445099028058,132945355,195164196,174496,217.31454391360003,KRASG12D,BRAF_WT,12,184.8062967557776,208.1870834355354
8,0.858379282064277,1797.9838251966396,2084.0083655491476,255333481,295952112,142011,176.85824142510003,KRASG12D,BRAF_WT,12,184.8062967557776,208.1870834355354
17,0.9046522284652668,265.76838202206744,265.1827942473496,29530588,29465521,111114,138.37960888740002,KRASG12D,BRAF_WT,12,184.8062967557776,208.1870834355354
36,0.8200590641449226,782.0147812088395,1304.5372143588886,74809098,124794639,95662,119.13593377420004,KRASG12D,BRAF_WT,13,184.8062967557776,208.1870834355354
38,0.8873858357963348,1127.7715978965527,1366.5816940726932,121599717,147348938,107823,134.28104981430002,KRASG12D,BRAF_WT,13,184.8062967557776,208.1870834355354
40,0.9023033413590406,1821.2958780969088,2213.3964826009333,116297027,141334219,63854,79.52275632140001,KRASG12D,BRAF_WT,13,184.8062967557776,208.1870834355354
48,0.8737442514664043,208.731283632367,205.81979474442969,14623505,14419529,70059,87.25036466190002,KRASG12D,BRAF_WT,13,184.8062967557776,208.1870834355354
13,0.8784088804197507,628.116530941704,1095.0685524663677,175087483,305250359,278750,347.1508178750001,KRASG12D,BRAF_WT,14,184.8062967557776,208.1870834355354
29,0.8334033071167232,867.713998988558,1237.161593653202,109810942,156565274,126552,157.60584862320002,KRASG12D,BRAF_WT,14,184.8062967557776,208.1870834355354
34,0.9042245886336802,1083.7455060322338,1580.0290179262995,174898101,254989823,161383,200.98382221030005,KRASG12D,BRAF_WT,14,184.8062967557776,208.1870834355354
45,0.945563645298347,668.4034333539398,923.8054781492224,70279279,97133527,105145,130.9459111945,KRASG12D,BRAF_WT,14,184.8062967557776,208.1870834355354
6,-0.21887018985044412,1272.7912874323767,2318.8029661919436,179277744,326612673,140854,175.41733202140003,KRASWT,BRAF_AAAA,51,1198.2180386608006,759.9572999991211
10,-0.17614993948144397,1322.5415106491328,2452.0055791870113,176601613,327421209,133532,166.29862964120002,KRASWT,BRAF_AAAA,51,1198.2180386608006,759.9572999991211
4,-0.09049667494915108,1874.9024701812805,3447.1610282614,261252660,480334312,139342,173.53431126220002,KRASWT,BRAF_AAAA,52,1198.2180386608006,759.9572999991211
6,-0.1127901712156008,2176.120733362354,3442.6579946909756,254952129,403338368,117159,145.90795577190002,KRASWT,BRAF_AAAA,52,1198.2180386608006,759.9572999991211
1,-0.18378119643965785,949.4374153957224,1564.944976600874,73645012,121388087,77567,96.60070848470002,KRASWT,BRAF_AAAA,53,1198.2180386608006,759.9572999991211
2,-0.09399231033741536,1576.4832506640964,2781.5066879804413,134124042,236645026,85078,105.9547884598,KRASWT,BRAF_AAAA,53,1198.2180386608006,759.9572999991211
5,-0.2179133235757288,1411.658125601006,2524.085997485021,95421031,170615593,67595,84.18173823950002,KRASWT,BRAF_AAAA,53,1198.2180386608006,759.9572999991211
11,-0.09491971387061912,2474.5471453004234,3895.486256880906,264774070,416813134,106999,133.25485331590002,KRASWT,BRAF_AAAA,53,1198.2180386608006,759.9572999991211
15,0.01509530052923219,1503.36308961678,2619.9590436900444,120984648,210843824,80476,100.22353083160002,KRASWT,BRAF_AAAA,53,1198.2180386608006,759.9572999991211
5,-0.20882428525424448,2133.636518996575,3913.207937643716,307130576,563294543,143947,179.26930504270004,KRASWT,BRAF_AAAA,54,1198.2180386608006,759.9572999991211
14,-0.03640534862428465,1087.9332629336634,1817.4746424637456,119508381,199647772,109849,136.80419800090002,KRASWT,BRAF_AAAA,54,1198.2180386608006,759.9572999991211
2,-0.2129129902341085,1283.2994422396223,2804.4979513032285,119642007,261463344,93230,116.10715964300002,KRASWT,BRAF_AAAA,55,1198.2180386608006,759.9572999991211
4,-0.2347521932416387,2688.51731768851,3617.954044237587,494461351,665399636,183916,229.04606213560004,KRASWT,BRAF_AAAA,55,1198.2180386608006,759.9572999991211
10,-0.28690060780450843,2269.210672618444,4178.17882722938,223676096,411843087,98570,122.75751073700002,KRASWT,BRAF_AAAA,55,1198.2180386608006,759.9572999991211
14,-0.19699403266718357,1879.6046744980388,2922.314839402816,185447436,288324349,98663,122.87333145830004,KRASWT,BRAF_AAAA,55,1198.2180386608006,759.9572999991211
15,-0.03329581229939693,2563.8248501886515,4543.472719538359,277241764,491312966,108136,134.67085503760003,KRASWT,BRAF_AAAA,55,1198.2180386608006,759.9572999991211
16,-0.09834569750604157,1145.9443431654938,2176.897199839574,62859631,119411519,54854,68.31429942140001,KRASWT,BRAF_AAAA,55,1198.2180386608006,759.9572999991211
18,-0.1786592902896922,1335.790482868945,2152.096946322329,121913590,196415432,91267,113.66247065470002,KRASWT,BRAF_AAAA,55,1198.2180386608006,759.9572999991211
21,-0.1656205849018434,1563.4032267613973,1942.5080224985195,158435283,196853763,101340,126.20722469400002,KRASWT,BRAF_AAAA,55,1198.2180386608006,759.9572999991211
10,-0.25452178135605763,2249.8186408201514,3651.373632265253,482579349,783208690,214497,267.13115329770005,KRASWT,BRAF_AAAA,56,1198.2180386608006,759.9572999991211
11,-0.40886749274383283,1270.396149987937,2691.6413850900917,200095016,423949668,157506,196.15546805460005,KRASWT,BRAF_AAAA,56,1198.2180386608006,759.9572999991211
13,-0.2940056842315764,1474.2981518208733,1440.949139145181,102584614,100264123,69582,86.65631644620002,KRASWT,BRAF_AAAA,56,1198.2180386608006,759.9572999991211
19,0.7253747959771255,1150.0881235687666,1260.0192806789098,128068063,140309447,111355,138.67974645550004,KRASWT,BRAF_AAAA,56,1198.2180386608006,759.9572999991211
21,-0.17370148378951375,1400.2933263971463,2833.3591706302022,113054082,228754086,80736,100.54733069760002,KRASWT,BRAF_AAAA,56,1198.2180386608006,759.9572999991211
35,0.2678701075781989,1013.95652601675,1702.1866675685314,164895694,276819809,162626,202.53183464660003,KRASWT,BRAF_AAAA,56,1198.2180386608006,759.9572999991211
40,0.18045240822876069,2021.3885888501743,1930.4208536585363,116027705,110806157,57400,71.48504734000001,KRASWT,BRAF_AAAA,56,1198.2180386608006,759.9572999991211
17,-0.10826504188257258,2155.4184341887117,4345.377378721257,478433919,964534726,221968,276.43541790880005,KRASWT,BRAF_AAAA,57,1198.2180386608006,759.9572999991211
26,-0.4332533462673163,901.9116816282308,2603.214469509364,186472044,538219798,206752,257.4856534432,KRASWT,BRAF_R188L,42,1188.243993123771,800.1461133188677
17,-0.11360622292416137,1743.188513343007,1513.6539650495238,221050249,191943432,126808,157.92466695280004,KRASWT,BRAF_R188L,43,1188.243993123771,800.1461133188677
18,-0.18611754707635028,878.3922491178109,1640.8728904847396,70943350,132525099,80765,100.58344683650002,KRASWT,BRAF_R188L,43,1188.243993123771,800.1461133188677
23,-0.32663017885128726,1371.134504525278,3002.9185738167985,190280562,416733028,138776,172.82942386160002,KRASWT,BRAF_R188L,43,1188.243993123771,800.1461133188677
27,-0.1032966941865646,873.5007573025604,1554.4195726649837,96888704,172416219,110920,138.13800437200004,KRASWT,BRAF_R188L,43,1188.243993123771,800.1461133188677
35,-0.2039836807551287,938.1695887917044,2514.433945462461,47409462,127064405,50534,62.934240109400015,KRASWT,BRAF_R188L,43,1188.243993123771,800.1461133188677
2,0.5146294564061478,1699.4598429933158,1381.7489243384912,276881096,225118680,162923,202.90171372430004,KRASWT,BRAF_R188L,44,1188.243993123771,800.1461133188677
10,-0.11848340885517712,1522.9103564314005,2152.0103492884864,191885182,271151152,125999,156.91715121590002,KRASWT,BRAF_R188L,44,1188.243993123771,800.1461133188677
25,-0.19694727281112467,1084.62893027731,1583.2026562661076,63127573,92145561,58202,72.48384538820001,KRASWT,BRAF_R188L,44,1188.243993123771,800.1461133188677
11,-0.393683929999512,839.8399192025466,2010.0500903744469,249049489,596068294,296544,369.3111825504001,KRASWT,BRAF_R188L,46,1188.243993123771,800.1461133188677
24,-0.33046321991672284,1196.9359262948208,2650.9154581673306,120172367,266151912,100400,125.03656364000004,KRASWT,BRAF_R188L,46,1188.243993123771,800.1461133188677
7,-0.16551780405652347,1184.18209557788,2107.927354239039,100901788,179612274,85208,106.1166883928,KRASWT,BRAF_R188L,47,1188.243993123771,800.1461133188677
8,-0.3824401265176536,1860.1528410785024,3529.183445499851,174683233,331418559,93908,116.95153006280002,KRASWT,BRAF_R188L,47,1188.243993123771,800.1461133188677
9,-0.17503106675818278,1484.4853972456135,2000.4605711549832,105419246,142060707,71014,88.43970647740002,KRASWT,BRAF_R188L,47,1188.243993123771,800.1461133188677
10,-0.23500926370466144,1799.071227293713,1755.5241430913982,113005061,110269738,62813,78.22631147330002,KRASWT,BRAF_R188L,47,1188.243993123771,800.1461133188677
11,-0.5055008536530354,1603.620609337631,3774.469626702714,231330291,544486116,144255,179.65288334550004,KRASWT,BRAF_R188L,47,1188.243993123771,800.1461133188677
12,-0.4350361166514487,1855.9345689762408,4145.1769854104095,208878012,466523089,112546,140.16299891860004,KRASWT,BRAF_R188L,47,1188.243993123771,800.1461133188677
17,-0.24303015286712143,1906.21215745594,4618.074058113765,216751572,525111965,113708,141.61013524280003,KRASWT,BRAF_R188L,47,1188.243993123771,800.1461133188677
23,0.5641681796628092,1469.6558482940857,1296.3188233465455,189100618,166797343,128670,160.24357214700004,KRASWT,BRAF_R188L,47,1188.243993123771,800.1461133188677
4,-0.3824876871055065,876.9561679233276,1767.9798098617352,136428948,275046387,155571,193.74564982110005,KRASWT,BRAF_R188L,48,1188.243993123771,800.1461133188677
5,-0.33683218937306203,1106.4978767200298,1588.5113169525096,127936604,183668444,115623,143.99504579430004,KRASWT,BRAF_R188L,48,1188.243993123771,800.1461133188677
8,-0.46805140868932354,1244.75712349212,2454.917674202073,181816694,358580005,146066,181.90827395060003,KRASWT,BRAF_R188L,48,1188.243993123771,800.1461133188677
12,-0.14835576619337404,1197.7080936445095,2296.805755448136,164274049,315022987,137157,170.81314700370004,KRASWT,BRAF_R188L,48,1188.243993123771,800.1461133188677
3,-0.35707643331627603,1000.1662599606972,2831.02222846078,138944097,393288439,138921,173.01000455610003,KRASWT,BRAF_R188L,49,1188.243993123771,800.1461133188677
4,-0.37757174505539054,1870.50357185332,3018.417078295342,235917263,380697854,126125,157.07406961250004,KRASWT,BRAF_R188L,49,1188.243993123771,800.1461133188677
7,-0.3440460582467298,1770.3348786769689,1817.0185712349191,195896406,201062190,110655,137.80797758550003,KRASWT,BRAF_R188L,49,1188.243993123771,800.1461133188677
25,-0.2210348843019742,2411.7763814851955,3006.6138649918194,456959271,569663129,189470,235.96292542700004,KRASWT,BRAF_R188L,49,1188.243993123771,800.1461133188677
2,-0.3835478910686552,2021.5701992402512,2889.659101480735,104304936,149094851,51596,64.25683802360001,KRASWT,BRAF_WT,58,2035.1192930335606,1327.9153205132575
7,-0.31057043446444366,1501.9318842183106,2199.0211660853515,257937276,377653298,171737,213.87852918170003,KRASWT,BRAF_WT,58,2035.1192930335606,1327.9153205132575
11,-0.2151441600145603,3041.1201713220075,2725.533086050372,148397541,132997838,48797,60.77100792770001,KRASWT,BRAF_WT,58,2035.1192930335606,1327.9153205132575
6,-0.01987571863102438,1675.0228177768324,2273.130502085623,141752156,192368215,84627,105.39312023070002,KRASWT,BRAF_WT,59,2035.1192930335606,1327.9153205132575
9,0.10670059276619503,1877.7556421772167,2646.7444990537524,265912732,374810782,141612,176.36133316920004,KRASWT,BRAF_WT,59,2035.1192930335606,1327.9153205132575
10,0.10451372441692457,3653.555889329701,3849.333440371249,352710632,371610801,96539,120.22813562990002,KRASWT,BRAF_WT,59,2035.1192930335606,1327.9153205132575
18,0.09862216646378062,1952.0421246874876,2537.2408296625526,295137057,383615590,151194,188.29460361540004,KRASWT,BRAF_WT,59,2035.1192930335606,1327.9153205132575
28,-0.06959393970481972,3061.134691455696,3461.0860957278483,309541940,349985026,101120,125.93324019200004,KRASWT,BRAF_WT,59,2035.1192930335606,1327.9153205132575
2,-0.16336090512862245,1574.1767717596335,2896.382957112949,75943010,139730203,48243,60.08106513630001,KRASWT,BRAF_WT,60,2035.1192930335606,1327.9153205132575
12,0.00190535522879363,3372.9367410648442,4674.267698244924,274435625,380317117,81364,101.32943191240004,KRASWT,BRAF_WT,60,2035.1192930335606,1327.9153205132575
13,0.09484983091347708,2687.816975733026,4602.410838381211,289305868,495385093,107636,134.04816298760002,KRASWT,BRAF_WT,60,2035.1192930335606,1327.9153205132575
14,0.17526629034707353,2773.0255996490623,4985.240572467061,353998902,636405841,127658,158.98324343780004,KRASWT,BRAF_WT,60,2035.1192930335606,1327.9153205132575
24,-0.13084264991761013,2595.2390984621734,4255.1160981525445,201162173,329822559,77512,96.53221235920002,KRASWT,BRAF_WT,60,2035.1192930335606,1327.9153205132575
6,-0.34663487859366754,1425.1467912377632,2980.555405084172,197843153,413769643,138823,172.88795691430002,KRASWT,BRAF_WT,61,2035.1192930335606,1327.9153205132575
10,-0.4806046934821942,1507.7915689531626,3091.0367321347144,185168867,379604039,122808,152.94313055280003,KRASWT,BRAF_WT,61,2035.1192930335606,1327.9153205132575
13,-0.1420654715807514,1332.6919011746793,2920.439119388848,150550206,329913246,112967,140.68730562470003,KRASWT,BRAF_WT,61,2035.1192930335606,1327.9153205132575
31,-0.17226950832217483,1894.6313697935864,2879.989806026539,164484317,250029195,86816,108.11926602560004,KRASWT,BRAF_WT,62,2035.1192930335606,1327.9153205132575
35,0.2419767903703617,2679.597199465333,3518.817997585374,248580873,326433708,92768,115.53179218880004,KRASWT,BRAF_WT,62,2035.1192930335606,1327.9153205132575
23,-0.17235333208077427,1846.1275559883152,3098.7552489045765,121342272,203674985,65728,81.85660612480001,KRASWT,BRAF_WT,63,2035.1192930335606,1327.9153205132575
42,0.26002769387203195,1554.96400236585,3022.2772123758436,76241440,148185274,49031,61.062427807100015,KRASWT,BRAF_WT,63,2035.1192930335606,1327.9153205132575
