STRUCTURE	BURIEDSURFACEAREASCORE	structure
C:SER 446	1	9RTR
C:SER 447	3	9RTR
C:ASP 448	7	9RTR
C:ASP 449	8	9RTR
C:TRP 450	10	9RTR
C:GLU 451	2	9RTR
C:ILE 452	9	9RTR
C:PRO 453	6	9RTR
C:ASP 454	0	9RTR
C:GLY 455	0	9RTR
C:GLN 456	7	9RTR
C:ILE 457	0	9RTR
C:THR 458	0	9RTR
C:VAL 459	0	9RTR
C:GLY 460	0	9RTR
C:GLN 461	0	9RTR
C:ARG 462	0	9RTR
C:ILE 463	0	9RTR
C:GLY 464	0	9RTR
C:SER 465	0	9RTR
C:GLY 466	0	9RTR
C:SER 467	0	9RTR
C:PHE 468	0	9RTR
C:GLY 469	0	9RTR
C:THR 470	0	9RTR
C:VAL 471	0	9RTR
C:TYR 472	0	9RTR
C:LYS 473	0	9RTR
C:GLY 474	0	9RTR
C:LYS 475	2	9RTR
C:TRP 476	10	9RTR
C:HIS 477	10	9RTR
C:GLY 478	1	9RTR
C:ASP 479	0	9RTR
C:VAL 480	0	9RTR
C:ALA 481	0	9RTR
C:VAL 482	0	9RTR
C:LYS 483	0	9RTR
C:MET 484	0	9RTR
C:LEU 485	0	9RTR
C:ASN 486	0	9RTR
C:VAL 487	0	9RTR
C:THR 488	0	9RTR
C:ALA 489	0	9RTR
C:PRO 490	0	9RTR
C:THR 491	0	9RTR
C:PRO 492	0	9RTR
C:GLN 493	0	9RTR
C:GLN 494	0	9RTR
C:LEU 495	0	9RTR
C:GLN 496	0	9RTR
C:ALA 497	0	9RTR
C:PHE 498	0	9RTR
C:LYS 499	0	9RTR
C:ASN 500	0	9RTR
C:GLU 501	0	9RTR
C:VAL 502	0	9RTR
C:GLY 503	0	9RTR
C:VAL 504	0	9RTR
C:LEU 505	0	9RTR
C:ARG 506	4	9RTR
C:LYS 507	5	9RTR
C:THR 508	0	9RTR
C:ARG 509	10	9RTR
C:HIS 510	9	9RTR
C:VAL 511	7	9RTR
C:ASN 512	0	9RTR
C:ILE 513	9	9RTR
C:LEU 514	0	9RTR
C:LEU 515	10	9RTR
C:PHE 516	0	9RTR
C:MET 517	10	9RTR
C:GLY 518	0	9RTR
C:TYR 519	0	9RTR
C:SER 520	0	9RTR
C:THR 521	0	9RTR
C:LYS 522	0	9RTR
C:PRO 523	0	9RTR
C:GLN 524	0	9RTR
C:LEU 525	0	9RTR
C:ALA 526	0	9RTR
C:ILE 527	0	9RTR
C:VAL 528	0	9RTR
C:THR 529	0	9RTR
C:GLN 530	5	9RTR
C:TRP 531	0	9RTR
C:CYS 532	0	9RTR
C:GLU 533	0	9RTR
C:GLY 534	0	9RTR
C:SER 535	0	9RTR
C:SER 536	0	9RTR
C:LEU 537	0	9RTR
C:TYR 538	0	9RTR
C:HIS 539	0	9RTR
C:HIS 540	0	9RTR
C:LEU 541	0	9RTR
C:HIS 542	0	9RTR
C:ALA 543	0	9RTR
C:SER 544	0	9RTR
C:GLU 545	0	9RTR
C:THR 546	0	9RTR
C:LYS 547	0	9RTR
C:PHE 548	0	9RTR
C:GLU 549	0	9RTR
C:MET 550	0	9RTR
C:LYS 551	0	9RTR
C:LYS 552	0	9RTR
C:LEU 553	0	9RTR
C:ILE 554	0	9RTR
C:ASP 555	0	9RTR
C:ILE 556	0	9RTR
C:ALA 557	0	9RTR
C:ARG 558	0	9RTR
C:GLN 559	0	9RTR
C:THR 560	0	9RTR
C:ALA 561	0	9RTR
C:ARG 562	3	9RTR
C:GLY 563	0	9RTR
C:MET 564	0	9RTR
C:ASP 565	0	9RTR
C:TYR 566	5	9RTR
C:LEU 567	0	9RTR
C:HIS 568	0	9RTR
C:ALA 569	0	9RTR
C:LYS 570	5	9RTR
C:SER 571	0	9RTR
C:ILE 572	0	9RTR
C:ILE 573	0	9RTR
C:HIS 574	0	9RTR
C:ARG 575	0	9RTR
C:ASP 576	0	9RTR
C:LEU 577	0	9RTR
C:LYS 578	0	9RTR
C:SER 579	0	9RTR
C:ASN 580	0	9RTR
C:ASN 581	0	9RTR
C:ILE 582	0	9RTR
C:PHE 583	0	9RTR
C:LEU 584	0	9RTR
C:HIS 585	0	9RTR
C:GLU 586	0	9RTR
C:ASP 587	1	9RTR
C:ASN 588	0	9RTR
C:THR 589	0	9RTR
C:VAL 590	0	9RTR
C:LYS 591	8	9RTR
C:ILE 592	0	9RTR
C:GLY 593	0	9RTR
C:ASP 594	0	9RTR
C:PHE 595	0	9RTR
C:GLY 596	0	9RTR
C:LEU 597	0	9RTR
C:ALA 598	0	9RTR
C:THR 599	0	9RTR
C:GLU 600	0	9RTR
C:LYS 601	0	9RTR
C:PHE 610	0	9RTR
C:GLU 611	0	9RTR
C:GLN 612	0	9RTR
C:LEU 613	0	9RTR
C:SER 614	0	9RTR
C:GLY 615	0	9RTR
C:SER 616	0	9RTR
C:ILE 617	0	9RTR
C:LEU 618	0	9RTR
C:TRP 619	0	9RTR
C:MET 620	0	9RTR
C:ALA 621	0	9RTR
C:PRO 622	0	9RTR
C:GLU 623	0	9RTR
C:VAL 624	0	9RTR
C:ILE 625	0	9RTR
C:ARG 626	0	9RTR
C:MET 627	0	9RTR
C:GLN 628	0	9RTR
C:ASP 629	0	9RTR
C:SER 630	0	9RTR
C:ASN 631	0	9RTR
C:PRO 632	0	9RTR
C:TYR 633	0	9RTR
C:SER 634	0	9RTR
C:PHE 635	0	9RTR
C:GLN 636	0	9RTR
C:SER 637	0	9RTR
C:ASP 638	0	9RTR
C:VAL 639	0	9RTR
C:TYR 640	0	9RTR
C:ALA 641	0	9RTR
C:PHE 642	0	9RTR
C:GLY 643	0	9RTR
C:ILE 644	0	9RTR
C:VAL 645	0	9RTR
C:LEU 646	0	9RTR
C:TYR 647	0	9RTR
C:GLU 648	0	9RTR
C:LEU 649	0	9RTR
C:MET 650	0	9RTR
C:THR 651	0	9RTR
C:GLY 652	0	9RTR
C:GLN 653	0	9RTR
C:LEU 654	0	9RTR
C:PRO 655	0	9RTR
C:TYR 656	0	9RTR
C:SER 657	0	9RTR
C:ASN 658	0	9RTR
C:ILE 659	0	9RTR
C:ASN 660	0	9RTR
C:ASN 661	0	9RTR
C:ARG 662	0	9RTR
C:ASP 663	0	9RTR
C:GLN 664	0	9RTR
C:ILE 665	0	9RTR
C:ILE 666	0	9RTR
C:PHE 667	0	9RTR
C:MET 668	0	9RTR
C:VAL 669	0	9RTR
C:GLY 670	0	9RTR
C:ARG 671	0	9RTR
C:GLY 672	0	9RTR
C:TYR 673	0	9RTR
C:LEU 674	0	9RTR
C:SER 675	0	9RTR
C:PRO 676	0	9RTR
C:ASP 677	0	9RTR
C:LEU 678	0	9RTR
C:SER 679	0	9RTR
C:LYS 680	0	9RTR
C:VAL 681	0	9RTR
C:ARG 682	0	9RTR
C:SER 683	0	9RTR
C:ASN 684	0	9RTR
C:CYS 685	0	9RTR
C:PRO 686	0	9RTR
C:LYS 687	0	9RTR
C:ARG 688	0	9RTR
C:MET 689	0	9RTR
C:LYS 690	0	9RTR
C:ARG 691	0	9RTR
C:LEU 692	0	9RTR
C:MET 693	0	9RTR
C:ALA 694	0	9RTR
C:GLU 695	0	9RTR
C:CYS 696	0	9RTR
C:LEU 697	0	9RTR
C:LYS 698	0	9RTR
C:LYS 699	0	9RTR
C:LYS 700	0	9RTR
C:ARG 701	0	9RTR
C:ASP 702	0	9RTR
C:GLU 703	0	9RTR
C:ARG 704	0	9RTR
C:PRO 705	0	9RTR
C:SER 706	0	9RTR
C:PHE 707	0	9RTR
C:PRO 708	0	9RTR
C:ARG 709	0	9RTR
C:ILE 710	0	9RTR
C:LEU 711	0	9RTR
C:ALA 712	0	9RTR
C:GLU 713	0	9RTR
C:ILE 714	0	9RTR
C:GLU 715	0	9RTR
C:GLU 716	0	9RTR
C:LEU 717	0	9RTR
C:ALA 718	0	9RTR
C:ARG 719	0	9RTR
C:GLU 720	0	9RTR
C:LEU 721	0	9RTR
B:SER 447	1	9RTR
B:ASP 448	3	9RTR
B:ASP 449	9	9RTR
B:TRP 450	10	9RTR
B:GLU 451	3	9RTR
B:ILE 452	8	9RTR
B:PRO 453	6	9RTR
B:ASP 454	1	9RTR
B:GLY 455	1	9RTR
B:GLN 456	9	9RTR
B:ILE 457	0	9RTR
B:THR 458	0	9RTR
B:VAL 459	0	9RTR
B:GLY 460	0	9RTR
B:GLN 461	0	9RTR
B:ARG 462	0	9RTR
B:ILE 463	0	9RTR
B:GLY 464	0	9RTR
B:SER 465	0	9RTR
B:GLY 466	0	9RTR
B:SER 467	0	9RTR
B:PHE 468	0	9RTR
B:GLY 469	0	9RTR
B:THR 470	0	9RTR
B:VAL 471	0	9RTR
B:TYR 472	0	9RTR
B:LYS 473	0	9RTR
B:GLY 474	0	9RTR
B:LYS 475	1	9RTR
B:TRP 476	10	9RTR
B:HIS 477	9	9RTR
B:GLY 478	2	9RTR
B:ASP 479	0	9RTR
B:VAL 480	0	9RTR
B:ALA 481	0	9RTR
B:VAL 482	0	9RTR
B:LYS 483	0	9RTR
B:MET 484	0	9RTR
B:LEU 485	0	9RTR
B:ASN 486	0	9RTR
B:VAL 487	0	9RTR
B:THR 488	0	9RTR
B:ALA 489	0	9RTR
B:PRO 490	0	9RTR
B:THR 491	0	9RTR
B:PRO 492	0	9RTR
B:GLN 493	0	9RTR
B:GLN 494	0	9RTR
B:LEU 495	0	9RTR
B:GLN 496	0	9RTR
B:ALA 497	0	9RTR
B:PHE 498	0	9RTR
B:LYS 499	0	9RTR
B:ASN 500	0	9RTR
B:GLU 501	0	9RTR
B:VAL 502	0	9RTR
B:GLY 503	0	9RTR
B:VAL 504	0	9RTR
B:LEU 505	0	9RTR
B:ARG 506	6	9RTR
B:LYS 507	8	9RTR
B:THR 508	0	9RTR
B:ARG 509	10	9RTR
B:HIS 510	8	9RTR
B:VAL 511	8	9RTR
B:ASN 512	0	9RTR
B:ILE 513	7	9RTR
B:LEU 514	1	9RTR
B:LEU 515	10	9RTR
B:PHE 516	8	9RTR
B:MET 517	10	9RTR
B:GLY 518	0	9RTR
B:TYR 519	0	9RTR
B:SER 520	0	9RTR
B:THR 521	0	9RTR
B:LYS 522	0	9RTR
B:PRO 523	0	9RTR
B:GLN 524	0	9RTR
B:LEU 525	0	9RTR
B:ALA 526	0	9RTR
B:ILE 527	0	9RTR
B:VAL 528	0	9RTR
B:THR 529	0	9RTR
B:GLN 530	7	9RTR
B:TRP 531	0	9RTR
B:CYS 532	2	9RTR
B:GLU 533	0	9RTR
B:GLY 534	0	9RTR
B:SER 535	0	9RTR
B:SER 536	0	9RTR
B:LEU 537	0	9RTR
B:TYR 538	0	9RTR
B:HIS 539	0	9RTR
B:HIS 540	0	9RTR
B:LEU 541	0	9RTR
B:HIS 542	0	9RTR
B:ALA 543	0	9RTR
B:SER 544	0	9RTR
B:GLU 545	0	9RTR
B:THR 546	0	9RTR
B:LYS 547	0	9RTR
B:PHE 548	0	9RTR
B:GLU 549	0	9RTR
B:MET 550	0	9RTR
B:LYS 551	0	9RTR
B:LYS 552	0	9RTR
B:LEU 553	0	9RTR
B:ILE 554	0	9RTR
B:ASP 555	0	9RTR
B:ILE 556	0	9RTR
B:ALA 557	0	9RTR
B:ARG 558	0	9RTR
B:GLN 559	0	9RTR
B:THR 560	0	9RTR
B:ALA 561	0	9RTR
B:ARG 562	1	9RTR
B:GLY 563	0	9RTR
B:MET 564	0	9RTR
B:ASP 565	0	9RTR
B:TYR 566	4	9RTR
B:LEU 567	0	9RTR
B:HIS 568	0	9RTR
B:ALA 569	0	9RTR
B:LYS 570	3	9RTR
B:SER 571	0	9RTR
B:ILE 572	0	9RTR
B:ILE 573	0	9RTR
B:HIS 574	0	9RTR
B:ARG 575	0	9RTR
B:ASP 576	0	9RTR
B:LEU 577	0	9RTR
B:LYS 578	0	9RTR
B:SER 579	0	9RTR
B:ASN 580	0	9RTR
B:ASN 581	0	9RTR
B:ILE 582	0	9RTR
B:PHE 583	0	9RTR
B:LEU 584	0	9RTR
B:HIS 585	0	9RTR
B:GLU 586	0	9RTR
B:ASP 587	2	9RTR
B:ASN 588	0	9RTR
B:THR 589	0	9RTR
B:VAL 590	0	9RTR
B:LYS 591	9	9RTR
B:ILE 592	0	9RTR
B:GLY 593	0	9RTR
B:ASP 594	0	9RTR
B:PHE 595	0	9RTR
B:GLY 596	0	9RTR
B:LEU 597	0	9RTR
B:ALA 598	0	9RTR
B:THR 599	0	9RTR
B:GLU 600	0	9RTR
B:LYS 601	0	9RTR
B:SER 602	0	9RTR
B:GLN 612	0	9RTR
B:LEU 613	0	9RTR
B:SER 614	0	9RTR
B:GLY 615	0	9RTR
B:SER 616	0	9RTR
B:ILE 617	0	9RTR
B:LEU 618	0	9RTR
B:TRP 619	0	9RTR
B:MET 620	0	9RTR
B:ALA 621	0	9RTR
B:PRO 622	0	9RTR
B:GLU 623	0	9RTR
B:VAL 624	0	9RTR
B:ILE 625	0	9RTR
B:ARG 626	0	9RTR
B:MET 627	0	9RTR
B:GLN 628	0	9RTR
B:ASP 629	0	9RTR
B:SER 630	0	9RTR
B:ASN 631	0	9RTR
B:PRO 632	0	9RTR
B:TYR 633	0	9RTR
B:SER 634	0	9RTR
B:PHE 635	0	9RTR
B:GLN 636	0	9RTR
B:SER 637	0	9RTR
B:ASP 638	0	9RTR
B:VAL 639	0	9RTR
B:TYR 640	0	9RTR
B:ALA 641	0	9RTR
B:PHE 642	0	9RTR
B:GLY 643	0	9RTR
B:ILE 644	0	9RTR
B:VAL 645	0	9RTR
B:LEU 646	0	9RTR
B:TYR 647	0	9RTR
B:GLU 648	0	9RTR
B:LEU 649	0	9RTR
B:MET 650	0	9RTR
B:THR 651	0	9RTR
B:GLY 652	0	9RTR
B:GLN 653	0	9RTR
B:LEU 654	0	9RTR
B:PRO 655	0	9RTR
B:TYR 656	0	9RTR
B:SER 657	0	9RTR
B:ASN 658	0	9RTR
B:ILE 659	0	9RTR
B:ASN 660	0	9RTR
B:ASN 661	0	9RTR
B:ARG 662	0	9RTR
B:ASP 663	0	9RTR
B:GLN 664	0	9RTR
B:ILE 665	0	9RTR
B:ILE 666	0	9RTR
B:PHE 667	0	9RTR
B:MET 668	0	9RTR
B:VAL 669	0	9RTR
B:GLY 670	0	9RTR
B:ARG 671	0	9RTR
B:GLY 672	0	9RTR
B:TYR 673	0	9RTR
B:LEU 674	0	9RTR
B:SER 675	0	9RTR
B:PRO 676	0	9RTR
B:ASP 677	0	9RTR
B:LEU 678	0	9RTR
B:SER 679	0	9RTR
B:LYS 680	0	9RTR
B:VAL 681	0	9RTR
B:ARG 682	0	9RTR
B:SER 683	0	9RTR
B:ASN 684	0	9RTR
B:CYS 685	0	9RTR
B:PRO 686	0	9RTR
B:LYS 687	0	9RTR
B:ARG 688	0	9RTR
B:MET 689	0	9RTR
B:LYS 690	0	9RTR
B:ARG 691	0	9RTR
B:LEU 692	0	9RTR
B:MET 693	0	9RTR
B:ALA 694	0	9RTR
B:GLU 695	0	9RTR
B:CYS 696	0	9RTR
B:LEU 697	0	9RTR
B:LYS 698	0	9RTR
B:LYS 699	0	9RTR
B:LYS 700	0	9RTR
B:ARG 701	0	9RTR
B:ASP 702	0	9RTR
B:GLU 703	0	9RTR
B:ARG 704	0	9RTR
B:PRO 705	0	9RTR
B:SER 706	0	9RTR
B:PHE 707	0	9RTR
B:PRO 708	0	9RTR
B:ARG 709	0	9RTR
B:ILE 710	0	9RTR
B:LEU 711	0	9RTR
B:ALA 712	0	9RTR
B:GLU 713	0	9RTR
B:ILE 714	0	9RTR
B:GLU 715	0	9RTR
B:GLU 716	0	9RTR
B:LEU 717	0	9RTR
B:ALA 718	0	9RTR
B:ARG 719	0	9RTR
B:GLU 720	0	9RTR
B:LEU 721	0	9RTR
