STRUCTURE	BURIEDSURFACEAREASCORE
C:ASP 449	1
C:TRP 450	8
C:GLU 451	0
C:ILE 452	0
C:PRO 453	0
C:ASP 454	0
C:GLY 455	0
C:GLN 456	0
C:ILE 457	0
C:THR 458	0
C:VAL 459	0
C:GLY 460	0
C:GLN 461	0
C:ARG 462	0
C:ILE 463	0
C:GLY 469	0
C:THR 470	0
C:VAL 471	0
C:TYR 472	0
C:LYS 473	0
C:GLY 474	0
C:LYS 475	0
C:TRP 476	6
C:HIS 477	8
C:GLY 478	6
C:ASP 479	0
C:VAL 480	0
C:ALA 481	0
C:VAL 482	0
C:LYS 483	0
C:MET 484	0
C:LEU 485	0
C:ASN 486	0
C:VAL 487	0
C:THR 488	0
C:ALA 489	0
C:PRO 490	0
C:THR 491	0
C:PRO 492	0
C:GLN 493	0
C:GLN 494	0
C:LEU 495	0
C:GLN 496	0
C:ALA 497	0
C:PHE 498	0
C:LYS 499	0
C:ASN 500	0
C:GLU 501	0
C:VAL 502	0
C:GLY 503	0
C:VAL 504	0
C:LEU 505	1
C:ARG 506	2
C:LYS 507	2
C:THR 508	7
C:ARG 509	10
C:HIS 510	9
C:VAL 511	6
C:ASN 512	0
C:ILE 513	0
C:LEU 514	0
C:LEU 515	8
C:PHE 516	10
C:MET 517	10
C:GLY 518	0
C:TYR 519	0
C:SER 520	0
C:THR 521	0
C:LYS 522	0
C:PRO 523	0
C:GLN 524	0
C:LEU 525	0
C:ALA 526	0
C:ILE 527	0
C:VAL 528	0
C:THR 529	0
C:GLN 530	8
C:TRP 531	0
C:CYS 532	0
C:GLU 533	0
C:GLY 534	0
C:SER 535	0
C:SER 536	0
C:LEU 537	0
C:TYR 538	0
C:HIS 539	0
C:HIS 540	0
C:LEU 541	0
C:HIS 542	0
C:ILE 543	0
C:ILE 544	0
C:GLU 545	0
C:THR 546	0
C:LYS 547	0
C:PHE 548	0
C:GLU 549	0
C:MET 550	0
C:ILE 551	0
C:LYS 552	0
C:LEU 553	0
C:ILE 554	0
C:ASP 555	0
C:ILE 556	0
C:ALA 557	0
C:ARG 558	1
C:GLN 559	0
C:THR 560	0
C:ALA 561	0
C:GLN 562	9
C:GLY 563	0
C:MET 564	0
C:ASP 565	7
C:TYR 566	10
C:LEU 567	0
C:HIS 568	0
C:ALA 569	3
C:LYS 570	5
C:SER 571	0
C:ILE 572	0
C:ILE 573	0
C:HIS 574	0
C:ARG 575	0
C:ASP 576	0
C:LEU 577	0
C:LYS 578	0
C:SER 579	0
C:ASN 580	0
C:ASN 581	0
C:ILE 582	0
C:PHE 583	0
C:LEU 584	0
C:HIS 585	3
C:GLU 586	4
C:ASP 587	0
C:LEU 588	5
C:THR 589	3
C:VAL 590	0
C:LYS 591	0
C:ILE 592	0
C:GLY 593	0
C:ASP 594	0
C:PHE 595	0
C:GLY 596	0
C:LEU 597	0
C:ALA 598	0
C:THR 599	0
C:VAL 600	0
C:LYS 601	0
C:SER 602	0
C:PHE 610	0
C:GLU 611	0
C:GLN 612	0
C:LEU 613	0
C:SER 614	0
C:GLY 615	0
C:SER 616	0
C:ILE 617	0
C:LEU 618	0
C:TRP 619	0
C:MET 620	0
C:ALA 621	0
C:PRO 622	0
C:GLU 623	0
C:VAL 624	0
C:ILE 625	0
C:ARG 626	0
C:MET 627	0
C:GLN 628	0
C:ASP 629	0
C:LYS 630	0
C:ASN 631	0
C:PRO 632	0
C:TYR 633	0
C:SER 634	0
C:PHE 635	0
C:GLN 636	0
C:SER 637	0
C:ASP 638	0
C:VAL 639	0
C:TYR 640	0
C:ALA 641	0
C:PHE 642	0
C:GLY 643	0
C:ILE 644	0
C:VAL 645	0
C:LEU 646	0
C:TYR 647	0
C:GLU 648	0
C:LEU 649	0
C:MET 650	0
C:THR 651	0
C:GLY 652	0
C:GLN 653	0
C:LEU 654	0
C:PRO 655	0
C:TYR 656	0
C:SER 657	0
C:ASN 658	0
C:ILE 659	0
C:ASN 660	0
C:ASN 661	0
C:ARG 662	0
C:ASP 663	0
C:GLN 664	0
C:ILE 665	0
C:ILE 666	0
C:PHE 667	0
C:MET 668	0
C:VAL 669	0
C:GLY 670	0
C:ARG 671	0
C:GLY 672	0
C:TYR 673	0
C:LEU 674	0
C:SER 675	0
C:PRO 676	0
C:ASP 677	0
C:LEU 678	0
C:SER 679	0
C:LYS 680	0
C:VAL 681	0
C:ARG 682	0
C:SER 683	0
C:ASN 684	0
C:CYS 685	0
C:PRO 686	0
C:LYS 687	0
C:ALA 688	0
C:MET 689	0
C:LYS 690	0
C:ARG 691	0
C:LEU 692	0
C:MET 693	0
C:ALA 694	0
C:GLU 695	0
C:CYS 696	0
C:LEU 697	0
C:LYS 698	0
C:LYS 699	0
C:LYS 700	0
C:ARG 701	0
C:ASP 702	0
C:GLU 703	0
C:ARG 704	0
C:PRO 705	0
C:LEU 706	0
C:PHE 707	0
C:PRO 708	0
C:GLN 709	0
C:ILE 710	0
C:LEU 711	1
C:ALA 712	0
C:SER 713	0
C:ILE 714	0
C:GLU 715	3
C:LEU 716	0
C:LEU 717	0
C:ALA 718	0
C:ARG 719	0
C:SER 720	0
B:ASP 449	1
B:TRP 450	8
B:GLU 451	0
B:ILE 452	0
B:PRO 453	0
B:ASP 454	0
B:GLY 455	0
B:GLN 456	0
B:ILE 457	0
B:THR 458	0
B:VAL 459	0
B:GLY 460	0
B:GLN 461	0
B:ARG 462	0
B:ILE 463	0
B:GLY 464	0
B:GLY 469	0
B:THR 470	0
B:VAL 471	0
B:TYR 472	0
B:LYS 473	0
B:GLY 474	0
B:LYS 475	2
B:TRP 476	7
B:HIS 477	8
B:GLY 478	8
B:ASP 479	1
B:VAL 480	0
B:ALA 481	0
B:VAL 482	0
B:LYS 483	0
B:MET 484	0
B:LEU 485	0
B:ASN 486	0
B:VAL 487	0
B:THR 488	0
B:ALA 489	0
B:PRO 490	0
B:THR 491	0
B:PRO 492	0
B:GLN 493	0
B:GLN 494	0
B:LEU 495	0
B:GLN 496	0
B:ALA 497	0
B:PHE 498	0
B:LYS 499	0
B:ASN 500	0
B:GLU 501	0
B:VAL 502	0
B:GLY 503	0
B:VAL 504	0
B:LEU 505	1
B:ARG 506	2
B:LYS 507	1
B:THR 508	7
B:ARG 509	10
B:HIS 510	9
B:VAL 511	6
B:ASN 512	0
B:ILE 513	0
B:LEU 514	0
B:LEU 515	8
B:PHE 516	10
B:MET 517	9
B:GLY 518	0
B:TYR 519	0
B:SER 520	0
B:THR 521	0
B:LYS 522	0
B:PRO 523	0
B:GLN 524	0
B:LEU 525	0
B:ALA 526	0
B:ILE 527	0
B:VAL 528	0
B:THR 529	0
B:GLN 530	8
B:TRP 531	1
B:CYS 532	0
B:GLU 533	0
B:GLY 534	0
B:SER 535	0
B:SER 536	0
B:LEU 537	0
B:TYR 538	0
B:HIS 539	0
B:HIS 540	0
B:LEU 541	0
B:HIS 542	0
B:ILE 543	0
B:ILE 544	0
B:GLU 545	0
B:THR 546	0
B:LYS 547	0
B:PHE 548	0
B:GLU 549	0
B:MET 550	0
B:ILE 551	0
B:LYS 552	0
B:LEU 553	0
B:ILE 554	0
B:ASP 555	0
B:ILE 556	0
B:ALA 557	0
B:ARG 558	0
B:GLN 559	0
B:THR 560	0
B:ALA 561	0
B:GLN 562	6
B:GLY 563	0
B:MET 564	0
B:ASP 565	6
B:TYR 566	10
B:LEU 567	0
B:HIS 568	0
B:ALA 569	3
B:LYS 570	4
B:SER 571	0
B:ILE 572	0
B:ILE 573	0
B:HIS 574	0
B:ARG 575	0
B:ASP 576	0
B:LEU 577	0
B:LYS 578	0
B:SER 579	0
B:ASN 580	0
B:ASN 581	0
B:ILE 582	0
B:PHE 583	0
B:LEU 584	0
B:HIS 585	4
B:GLU 586	4
B:ASP 587	0
B:LEU 588	4
B:THR 589	3
B:VAL 590	0
B:LYS 591	0
B:ILE 592	0
B:GLY 593	0
B:ASP 594	0
B:PHE 595	0
B:GLY 596	0
B:LEU 597	0
B:ALA 598	0
B:THR 599	0
B:VAL 600	0
B:LYS 601	0
B:SER 602	0
B:ARG 603	0
B:TRP 604	0
B:SER 605	0
B:GLY 606	0
B:SER 607	0
B:HIS 608	0
B:GLN 609	0
B:PHE 610	0
B:GLU 611	0
B:GLN 612	0
B:LEU 613	0
B:SER 614	0
B:GLY 615	0
B:SER 616	0
B:ILE 617	0
B:LEU 618	0
B:TRP 619	0
B:MET 620	0
B:ALA 621	0
B:PRO 622	0
B:GLU 623	0
B:VAL 624	0
B:ILE 625	0
B:ARG 626	0
B:MET 627	0
B:GLN 628	0
B:ASP 629	0
B:LYS 630	0
B:ASN 631	0
B:PRO 632	0
B:TYR 633	0
B:SER 634	0
B:PHE 635	0
B:GLN 636	0
B:SER 637	0
B:ASP 638	0
B:VAL 639	0
B:TYR 640	0
B:ALA 641	0
B:PHE 642	0
B:GLY 643	0
B:ILE 644	0
B:VAL 645	0
B:LEU 646	0
B:TYR 647	0
B:GLU 648	0
B:LEU 649	0
B:MET 650	0
B:THR 651	0
B:GLY 652	0
B:GLN 653	0
B:LEU 654	0
B:PRO 655	0
B:TYR 656	0
B:SER 657	0
B:ASN 658	0
B:ILE 659	0
B:ASN 660	0
B:ASN 661	0
B:ARG 662	0
B:ASP 663	0
B:GLN 664	0
B:ILE 665	0
B:ILE 666	0
B:PHE 667	0
B:MET 668	0
B:VAL 669	0
B:GLY 670	0
B:ARG 671	0
B:GLY 672	0
B:TYR 673	0
B:LEU 674	0
B:SER 675	0
B:PRO 676	0
B:ASP 677	0
B:LEU 678	0
B:SER 679	0
B:LYS 680	0
B:VAL 681	0
B:ARG 682	0
B:SER 683	0
B:ASN 684	0
B:CYS 685	0
B:PRO 686	0
B:LYS 687	0
B:ALA 688	0
B:MET 689	0
B:LYS 690	0
B:ARG 691	0
B:LEU 692	0
B:MET 693	0
B:ALA 694	0
B:GLU 695	0
B:CYS 696	0
B:LEU 697	0
B:LYS 698	0
B:LYS 699	0
B:LYS 700	0
B:ARG 701	0
B:ASP 702	0
B:GLU 703	0
B:ARG 704	0
B:PRO 705	0
B:LEU 706	0
B:PHE 707	0
B:PRO 708	0
B:GLN 709	0
B:ILE 710	0
B:LEU 711	0
B:ALA 712	0
B:SER 713	0
B:ILE 714	0
B:GLU 715	0
B:LEU 716	0
B:LEU 717	0
B:ALA 718	0
B:ARG 719	0
B:SER 720	0
B:LEU 721	0
B:PRO 722	0
